Iceberg,length_nm,width_nm,latitude,longitude,remarks,time
A76C,16,7,-52.078,-31.634,2026-07-23,1721289600
A81,28,25,-42.573,-57.395,2026-07-23,1721289600
B09B,27,10,-66.064,-143.998,2026-07-23,1721289600
B09G,12,7,-68.025,-176.947,2026-07-23,1721289600
B22A,29,25,-68.134,173.956,2026-07-23,1721289600
B22F,14,7,-66.034,-177.947,2026-07-23,1721289600
B22H,8,6,-70.017,2.084,2026-07-23,1721289600
B51,15,3,-74.239,-131.574,2026-07-23,1721289600
C15,14,10,-65.837,143.024,2026-07-23,1721289600
C18B,10,4,-67.043,47.371,2026-07-23,1721289600
C18C,10,2,-68.473,39.075,2026-07-23,1721289600
C21B,12,8,-64.978,95.832,2026-07-23,1721289600
C24,11,3,-64.843,96.013,2026-07-23,1721289600
C30,9,3,-64.775,96.273,2026-07-23,1721289600
C31,9,3,-64.678,96.491,2026-07-23,1721289600
C36,23,16,-67.481,146.478,2026-07-23,1721289600
C39,8,3,-66.671,62.239,2026-07-23,1721289600
D15A,51,22,-66.629,81.933,2026-07-23,1721289600
D15B,20,12,-67.019,81.599,2026-07-23,1721289600
D15C,14,7,-67.192,79.487,2026-07-23,1721289600
D15D,8,6,-67.260,79.272,2026-07-23,1721289600
D23,7,6,-69.433,74.720,2026-07-23,1721289600
D32,9,6,-60.683,-38.596,2026-07-23,1721289600
D33A,19,10,-64.328,-55.411,2026-07-23,1721289600
D33B,21,12,-61.267,-51.170,2026-07-23,1721289600
D33C,9,5,-62.937,-53.453,2026-07-23,1721289600
D33D,15,6,-63.778,-55.473,2026-07-23,1721289600
D34,11,8,-67.153,82.069,2026-07-23,1721289600
D35,28,6,-61.837,-44.964,2026-07-23,1721289600
